{
  "features": [
    "log_de_or_neg",
    "yoy_t",
    "yoy_t1",
    "ocf_yoy",
    "ocf_decline_2y",
    "neg_eq",
    "trailing_6m",
    "trailing_12m",
    "sector_Technology",
    "sector_Communication_Services",
    "sector_Consumer_Discretionary",
    "sector_Consumer_Staples",
    "sector_Energy",
    "sector_Financials",
    "sector_Health_Care",
    "sector_Industrials",
    "sector_Materials",
    "sector_Real_Estate",
    "sector_Utilities",
    "bias"
  ],
  "numericMeans": [
    1.6179735000025806,
    -0.07882276229313274,
    -0.08707066681324876,
    0.015980478449141074,
    0.19101123595505617,
    0.12359550561797752,
    0.0773349974417294,
    0.10613304659917168
  ],
  "numericStds": [
    1.0672320345534416,
    0.09505954163293717,
    0.08090825704183795,
    0.8008710666426936,
    0.39309788055136874,
    0.3291195172107148,
    0.20108534464996125,
    0.4088626219014036
  ],
  "coefs": [
    0.09802695423459201,
    -0.06389339764002903,
    0.05462568007416587,
    -0.017509206342245752,
    -0.3802626489842574,
    0.032444927596076305,
    -0.2776857868681198,
    0.15206697587977824,
    -0.029523346029107302,
    0,
    -0.17914529979365434,
    0.32724636783447414,
    0,
    -0.06748496618311309,
    0,
    -0.1626739418500034,
    -0.03299073463576326,
    -0.05029166922858746,
    0.19486358988575178,
    -0.08528795695427925
  ],
  "trainSize": 89,
  "testSize": 41,
  "trainAuc": 0.7750252780586451,
  "testAuc": 0.37857142857142856,
  "trainSplitYearLt": 2020,
  "trainedAt": "2026-05-03T20:52:55.073Z",
  "positiveLabelDef": "alpha1y < -0.05",
  "notes": "Logistic regression, L2=0.1, walk-forward split. Treat score as ranking signal, not calibrated probability."
}