{
  "features": [
    "log_de_or_neg",
    "de_relative_to_avg",
    "neg_eq",
    "liab_growth_yoy",
    "equity_growth_yoy",
    "log_cum_buybacks",
    "yoy_t",
    "yoy_t1",
    "yoy_t2",
    "rev_3y_cagr",
    "log_rev_t",
    "ocf_yoy",
    "ocf_decline_2y",
    "ocf_per_rev",
    "trailing_1m",
    "trailing_3m",
    "trailing_6m",
    "trailing_12m",
    "trailing_24m",
    "realized_vol_6m",
    "realized_vol_12m",
    "pct_from_52w_high",
    "pct_from_52w_low",
    "spy_trailing_6m",
    "spy_trailing_12m",
    "year_centered",
    "yoy_t_pctile",
    "de_pctile",
    "yoy_x_neg_eq",
    "de_x_yoy",
    "trailing6_x_yoy",
    "sector_Technology",
    "sector_Communication_Services",
    "sector_Consumer_Discretionary",
    "sector_Consumer_Staples",
    "sector_Energy",
    "sector_Financials",
    "sector_Health_Care",
    "sector_Industrials",
    "sector_Materials",
    "sector_Real_Estate",
    "sector_Utilities",
    "bias"
  ],
  "numericMeans": [
    1.414966947662258,
    1.8573505197300357,
    0.19387755102040816,
    0.02339202748157146,
    0.20747450663883507,
    16.90179481550319,
    -0.08311594202625616,
    -0.08594265969088397,
    -0.11266845613070083,
    -0.054462922004775705,
    23.536392981466175,
    0.04671407922312255,
    0.22448979591836735,
    0.33360142292316913,
    -0.0004900334976172622,
    0.034406388319108666,
    0.06713451821562834,
    0.09243865663543598,
    0.17371517347129314,
    0.22816067758566114,
    0.23494980816622996,
    -0.08302717084886745,
    0.24573127770937275,
    0.089828603395682,
    0.14064383182943638,
    -0.07755102040816327,
    0.47422489075550306,
    0.4276310524209684,
    -0.02002981275242804,
    -0.09984316006241978,
    -0.007675266189776316
  ],
  "numericStds": [
    1.2472885810886276,
    3.2578817600672423,
    0.3953340944451124,
    0.1233278748592346,
    3.2209361740176288,
    9.242236924284967,
    0.09317814562909668,
    0.07869073326472607,
    1.2334738592664751,
    0.08716236791289565,
    1.1886811471480505,
    0.8510800629816325,
    0.4172458836787933,
    0.5700863512301481,
    0.009055562460510869,
    0.12313603665835592,
    0.1932856168068623,
    0.3912668790587592,
    0.6035903379233315,
    0.18192957878292484,
    0.16412941385992996,
    0.11726684637959486,
    0.36451800985216254,
    0.06942997566974403,
    0.10225135103602913,
    0.31119605089203106,
    0.2802246320944462,
    0.2520006431955397,
    0.07398748135416353,
    0.16797910432833732,
    0.023106812707419114
  ],
  "coefs": [
    -0.006699219974322284,
    0.1673343312561132,
    0.03494800395139686,
    0.03669601429160582,
    0.16058676994052795,
    -0.0013210004888348098,
    -0.21796538557650824,
    0.04586359388980157,
    0.08119689056440686,
    0.03843050604420772,
    -0.13902596531974035,
    0.08949047370948307,
    -0.23526330305328086,
    -0.1310914946339976,
    -0.19517532088382541,
    -0.11491256500662993,
    -0.20059263614764905,
    -0.008682853488879934,
    0.23975087598105993,
    -0.007443326563771918,
    -0.057633636691942124,
    0.041641434343392326,
    0.04337844508125496,
    -0.03403096461770542,
    0.3990525223525635,
    0.07643694947301023,
    0.31198421081745564,
    -0.062427780132611806,
    -0.2130361005743661,
    0.0457375955070169,
    0.1645144959786136,
    -0.0449557499943916,
    0.054866371331094795,
    -0.07179715907030644,
    0.20584752677134185,
    0,
    -0.09899661502909589,
    0,
    -0.10510120077373183,
    -0.026307024483683952,
    -0.055988814842769595,
    0.1424326660915448,
    0.18152317016904393
  ],
  "trainSize": 98,
  "testSize": 42,
  "trainAuc": 0.8301886792452831,
  "testAuc": 0.37757437070938216,
  "trainSplitYearLt": 2020,
  "trainedAt": "2026-05-03T22:35:47.835Z",
  "positiveLabelDef": "alpha1y < -0.05",
  "notes": "Logistic regression, L2=0.1, walk-forward split. Treat score as ranking signal, not calibrated probability."
}