{
  "features": [
    "log_de_or_neg",
    "yoy_t",
    "yoy_t1",
    "ocf_yoy",
    "ocf_decline_2y",
    "neg_eq",
    "sector_Technology",
    "sector_Communication_Services",
    "sector_Consumer_Discretionary",
    "sector_Consumer_Staples",
    "sector_Energy",
    "sector_Financials",
    "sector_Health_Care",
    "sector_Industrials",
    "sector_Materials",
    "sector_Real_Estate",
    "sector_Utilities",
    "bias"
  ],
  "numericMeans": [
    1.6179735000025806,
    -0.07882276229313274,
    -0.08707066681324876,
    0.015980478449141074,
    0.19101123595505617,
    0.12359550561797752
  ],
  "numericStds": [
    1.0672320345534416,
    0.09505954163293717,
    0.08090825704183795,
    0.8008710666426936,
    0.39309788055136874,
    0.3291195172107148
  ],
  "coefs": [
    0.08343437588546554,
    -0.04737684795775968,
    0.061009685359296024,
    -0.006963720129844318,
    -0.4256730464578435,
    0.02519182658277013,
    -0.015045594320067437,
    0,
    -0.14876173139599388,
    0.33863579690596796,
    0,
    -0.09384268283192335,
    0,
    -0.20614899528928582,
    -0.030347749647979504,
    -0.04835677923559921,
    0.20386773581487846,
    -0.07165341050417914
  ],
  "trainSize": 89,
  "testSize": 41,
  "trainAuc": 0.7517694641051568,
  "testAuc": 0.38333333333333336,
  "trainSplitYearLt": 2020,
  "trainedAt": "2026-05-03T19:48:46.765Z",
  "positiveLabelDef": "alpha1y < -0.05",
  "notes": "Logistic regression, L2=0.1, walk-forward split. Treat score as ranking signal, not calibrated probability."
}