{
  "features": [
    "log_de_or_neg",
    "yoy_t",
    "yoy_t1",
    "ocf_yoy",
    "ocf_decline_2y",
    "neg_eq",
    "trailing_6m",
    "trailing_12m",
    "sector_Technology",
    "sector_Communication_Services",
    "sector_Consumer_Discretionary",
    "sector_Consumer_Staples",
    "sector_Energy",
    "sector_Financials",
    "sector_Health_Care",
    "sector_Industrials",
    "sector_Materials",
    "sector_Real_Estate",
    "sector_Utilities",
    "bias"
  ],
  "numericMeans": [
    1.414966947662258,
    -0.08311594202625616,
    -0.08594265969088397,
    0.04671407922312255,
    0.22448979591836735,
    0.19387755102040816,
    0.06713451821562834,
    0.09243865663543598
  ],
  "numericStds": [
    1.2472885810886276,
    0.09317814562909668,
    0.07869073326472607,
    0.8510800629816325,
    0.4172458836787933,
    0.3953340944451124,
    0.1932856168068623,
    0.3912668790587592
  ],
  "coefs": [
    -0.01806337795880736,
    -0.05915527385447735,
    0.019484820326660535,
    0.06295407665516331,
    -0.29771339391549745,
    0.11266553772505228,
    -0.3039457139671147,
    0.12746564595377732,
    -0.03785831799811267,
    0.0629733698685036,
    -0.10607547960807251,
    0.2705856844040113,
    0,
    -0.10740364303095254,
    0,
    -0.16205002265776652,
    0.011433964566153051,
    -0.05488868273173529,
    0.12328312718797435,
    0.19140880471416793
  ],
  "trainSize": 98,
  "testSize": 42,
  "trainAuc": 0.7287211740041929,
  "testAuc": 0.5263157894736842,
  "trainSplitYearLt": 2020,
  "trainedAt": "2026-05-03T21:17:05.762Z",
  "positiveLabelDef": "alpha1y < -0.05",
  "notes": "Logistic regression, L2=0.1, walk-forward split. Treat score as ranking signal, not calibrated probability."
}