{
  "features": [
    "log_de_or_neg",
    "de_relative_to_avg",
    "neg_eq",
    "liab_growth_yoy",
    "equity_growth_yoy",
    "log_cum_buybacks",
    "yoy_t",
    "yoy_t1",
    "yoy_t2",
    "rev_3y_cagr",
    "log_rev_t",
    "ocf_yoy",
    "ocf_decline_2y",
    "ocf_per_rev",
    "trailing_1m",
    "trailing_3m",
    "trailing_6m",
    "trailing_12m",
    "trailing_24m",
    "realized_vol_6m",
    "realized_vol_12m",
    "pct_from_52w_high",
    "pct_from_52w_low",
    "spy_trailing_6m",
    "spy_trailing_12m",
    "year_centered",
    "yoy_t_pctile",
    "de_pctile",
    "yoy_x_neg_eq",
    "de_x_yoy",
    "trailing6_x_yoy",
    "sector_Technology",
    "sector_Communication_Services",
    "sector_Consumer_Discretionary",
    "sector_Consumer_Staples",
    "sector_Energy",
    "sector_Financials",
    "sector_Health_Care",
    "sector_Industrials",
    "sector_Materials",
    "sector_Real_Estate",
    "sector_Utilities",
    "bias"
  ],
  "numericMeans": [
    1.4244347252495395,
    1.729994835555746,
    0.20212765957446807,
    0.020563517789731766,
    0.21342260315417017,
    16.948521759360396,
    -0.0814542061918409,
    -0.08687742689435611,
    -0.12465022771343273,
    -0.05678472057911864,
    23.541903256655036,
    0.047443804640337685,
    0.23404255319148937,
    0.34222367108068574,
    -0.0005108859868775713,
    0.03294880559867396,
    0.06763940179897954,
    0.09581939832540684,
    0.16798654028161644,
    0.23318515052254798,
    0.23845269432071,
    -0.08454996959070993,
    0.25209365466336087,
    0.08705770077941408,
    0.1406944519342297,
    -0.06914893617021277,
    0.475726188704912,
    0.42023288038619705,
    -0.02088214520997817,
    -0.09777362282667276,
    -0.007654747505716281
  ],
  "numericStds": [
    1.2751131535565703,
    3.1692009360474853,
    0.40158693804631607,
    0.12557628184799222,
    3.288550770922244,
    9.236805720226938,
    0.08862861236645325,
    0.08008764740459938,
    1.2575320398470042,
    0.08852153983972885,
    1.211790522833392,
    0.8701545765069999,
    0.4233989094070725,
    0.5819270241641542,
    0.009245650685178897,
    0.12392424042616548,
    0.19613683082185132,
    0.3982615673044078,
    0.6148815256158401,
    0.18342283602813744,
    0.16613740491924153,
    0.11801603280922057,
    0.3705998385343743,
    0.0687716037233285,
    0.10373085409895137,
    0.30909152942566703,
    0.2792044887844222,
    0.25067219836655097,
    0.0754273909758128,
    0.1654409925256879,
    0.023352911118647523
  ],
  "coefs": [
    -0.021675264818327065,
    0.1612407262590035,
    0.003598490458688314,
    0.05435503024480386,
    0.14235728437488152,
    -0.03713219335617738,
    -0.16229645360341566,
    0.03907934416803795,
    0.077659756964641,
    0.04917999695580104,
    -0.12437679641188124,
    0.10587281062668465,
    -0.27059169894240354,
    -0.16831511563155302,
    -0.22773673456759305,
    -0.07547035313499198,
    -0.2004647664399674,
    0.022374391432774317,
    0.23068060544362112,
    0.020509605874546345,
    -0.07849145635223696,
    0.0874263450693235,
    0.030703518821501997,
    0.041934077330425513,
    0.3644210643672442,
    0.013200286383306484,
    0.3812084626069245,
    -0.1535323671056077,
    -0.23181247669530008,
    0.10723049813788296,
    0.20121049242702999,
    -0.005103859207732609,
    0.050377662027096363,
    -0.06052498636695446,
    0.1777452027510241,
    0,
    -0.16925578021784699,
    0,
    -0.12988324020413142,
    -0.028931162706000976,
    -0.056861144062152987,
    0.2224373079867012,
    0.2199591741103266
  ],
  "trainSize": 94,
  "testSize": 40,
  "trainAuc": 0.8431372549019608,
  "testAuc": 0.3383838383838384,
  "trainSplitYearLt": 2020,
  "trainedAt": "2026-05-04T01:23:36.541Z",
  "positiveLabelDef": "alpha1y < -0.05",
  "notes": "Logistic regression, L2=0.1, walk-forward split. Treat score as ranking signal, not calibrated probability."
}